<?xml version="1.0" encoding="UTF-8"?>
<root>
  <item name="com.cocosw.bottomsheet.BottomSheet.Builder Builder(android.content.Context, int) 1">
    <annotation name="android.support.annotation.StyleRes" />
  </item>
  <item name="com.cocosw.bottomsheet.BottomSheet.Builder com.cocosw.bottomsheet.BottomSheet.Builder icon(int) 0">
    <annotation name="android.support.annotation.DrawableRes" />
  </item>
  <item name="com.cocosw.bottomsheet.BottomSheet.Builder com.cocosw.bottomsheet.BottomSheet.Builder limit(int) 0">
    <annotation name="android.support.annotation.IntegerRes" />
  </item>
  <item name="com.cocosw.bottomsheet.BottomSheet.Builder com.cocosw.bottomsheet.BottomSheet.Builder sheet(int) 0">
    <annotation name="android.support.annotation.MenuRes" />
  </item>
  <item name="com.cocosw.bottomsheet.BottomSheet.Builder com.cocosw.bottomsheet.BottomSheet.Builder sheet(int, int) 1">
    <annotation name="android.support.annotation.StringRes" />
  </item>
  <item name="com.cocosw.bottomsheet.BottomSheet.Builder com.cocosw.bottomsheet.BottomSheet.Builder sheet(int, int, int) 1">
    <annotation name="android.support.annotation.DrawableRes" />
  </item>
  <item name="com.cocosw.bottomsheet.BottomSheet.Builder com.cocosw.bottomsheet.BottomSheet.Builder sheet(int, int, int) 2">
    <annotation name="android.support.annotation.StringRes" />
  </item>
  <item name="com.cocosw.bottomsheet.BottomSheet.Builder com.cocosw.bottomsheet.BottomSheet.Builder title(int) 0">
    <annotation name="android.support.annotation.StringRes" />
  </item>
</root>

